execution_id,operator_id,phase,condition,set_id,case_id,pair_id,group,status,started_at,finished_at,active_seconds,wait_seconds,corrections,errors,critical_errors,helps,observed_decision,selected_evidence_ids,notes
OP01-F1-A01,OP01,1,corrente,A,A01,S01,nucleo,non_eseguita,,,,,,,,,,,
OP01-F1-A02,OP01,1,corrente,A,A02,S02,nucleo,non_eseguita,,,,,,,,,,,
OP01-F1-A03,OP01,1,corrente,A,A03,S03,nucleo,non_eseguita,,,,,,,,,,,
OP01-F1-A04,OP01,1,corrente,A,A04,S04,nucleo,non_eseguita,,,,,,,,,,,
OP01-F1-A05,OP01,1,corrente,A,A05,S05,nucleo,non_eseguita,,,,,,,,,,,
OP01-F1-A06,OP01,1,corrente,A,A06,S06,nucleo,non_eseguita,,,,,,,,,,,
OP01-F1-A07,OP01,1,corrente,A,A07,S07,nucleo,non_eseguita,,,,,,,,,,,
OP01-F1-A08,OP01,1,corrente,A,A08,S08,nucleo,non_eseguita,,,,,,,,,,,
OP01-F1-A09,OP01,1,corrente,A,A09,S09,estensione,non_eseguita,,,,,,,,,,,
OP01-F1-A10,OP01,1,corrente,A,A10,S10,nucleo,non_eseguita,,,,,,,,,,,
OP01-F1-A11,OP01,1,corrente,A,A11,S11,estensione,non_eseguita,,,,,,,,,,,
OP01-F1-A12,OP01,1,corrente,A,A12,S12,controllo,non_eseguita,,,,,,,,,,,
OP01-F2-B01,OP01,2,proposta,B,B01,S01,nucleo,non_eseguita,,,,,,,,,,,
OP01-F2-B02,OP01,2,proposta,B,B02,S02,nucleo,non_eseguita,,,,,,,,,,,
OP01-F2-B03,OP01,2,proposta,B,B03,S03,nucleo,non_eseguita,,,,,,,,,,,
OP01-F2-B04,OP01,2,proposta,B,B04,S04,nucleo,non_eseguita,,,,,,,,,,,
OP01-F2-B05,OP01,2,proposta,B,B05,S05,nucleo,non_eseguita,,,,,,,,,,,
OP01-F2-B06,OP01,2,proposta,B,B06,S06,nucleo,non_eseguita,,,,,,,,,,,
OP01-F2-B07,OP01,2,proposta,B,B07,S07,nucleo,non_eseguita,,,,,,,,,,,
OP01-F2-B08,OP01,2,proposta,B,B08,S08,nucleo,non_eseguita,,,,,,,,,,,
OP01-F2-B09,OP01,2,proposta,B,B09,S09,estensione,non_eseguita,,,,,,,,,,,
OP01-F2-B10,OP01,2,proposta,B,B10,S10,nucleo,non_eseguita,,,,,,,,,,,
OP01-F2-B11,OP01,2,proposta,B,B11,S11,estensione,non_eseguita,,,,,,,,,,,
OP01-F2-B12,OP01,2,proposta,B,B12,S12,controllo,non_eseguita,,,,,,,,,,,
OP02-F1-A01,OP02,1,proposta,A,A01,S01,nucleo,non_eseguita,,,,,,,,,,,
OP02-F1-A02,OP02,1,proposta,A,A02,S02,nucleo,non_eseguita,,,,,,,,,,,
OP02-F1-A03,OP02,1,proposta,A,A03,S03,nucleo,non_eseguita,,,,,,,,,,,
OP02-F1-A04,OP02,1,proposta,A,A04,S04,nucleo,non_eseguita,,,,,,,,,,,
OP02-F1-A05,OP02,1,proposta,A,A05,S05,nucleo,non_eseguita,,,,,,,,,,,
OP02-F1-A06,OP02,1,proposta,A,A06,S06,nucleo,non_eseguita,,,,,,,,,,,
OP02-F1-A07,OP02,1,proposta,A,A07,S07,nucleo,non_eseguita,,,,,,,,,,,
OP02-F1-A08,OP02,1,proposta,A,A08,S08,nucleo,non_eseguita,,,,,,,,,,,
OP02-F1-A09,OP02,1,proposta,A,A09,S09,estensione,non_eseguita,,,,,,,,,,,
OP02-F1-A10,OP02,1,proposta,A,A10,S10,nucleo,non_eseguita,,,,,,,,,,,
OP02-F1-A11,OP02,1,proposta,A,A11,S11,estensione,non_eseguita,,,,,,,,,,,
OP02-F1-A12,OP02,1,proposta,A,A12,S12,controllo,non_eseguita,,,,,,,,,,,
OP02-F2-B01,OP02,2,corrente,B,B01,S01,nucleo,non_eseguita,,,,,,,,,,,
OP02-F2-B02,OP02,2,corrente,B,B02,S02,nucleo,non_eseguita,,,,,,,,,,,
OP02-F2-B03,OP02,2,corrente,B,B03,S03,nucleo,non_eseguita,,,,,,,,,,,
OP02-F2-B04,OP02,2,corrente,B,B04,S04,nucleo,non_eseguita,,,,,,,,,,,
OP02-F2-B05,OP02,2,corrente,B,B05,S05,nucleo,non_eseguita,,,,,,,,,,,
OP02-F2-B06,OP02,2,corrente,B,B06,S06,nucleo,non_eseguita,,,,,,,,,,,
OP02-F2-B07,OP02,2,corrente,B,B07,S07,nucleo,non_eseguita,,,,,,,,,,,
OP02-F2-B08,OP02,2,corrente,B,B08,S08,nucleo,non_eseguita,,,,,,,,,,,
OP02-F2-B09,OP02,2,corrente,B,B09,S09,estensione,non_eseguita,,,,,,,,,,,
OP02-F2-B10,OP02,2,corrente,B,B10,S10,nucleo,non_eseguita,,,,,,,,,,,
OP02-F2-B11,OP02,2,corrente,B,B11,S11,estensione,non_eseguita,,,,,,,,,,,
OP02-F2-B12,OP02,2,corrente,B,B12,S12,controllo,non_eseguita,,,,,,,,,,,
